-- phpMyAdmin SQL Dump
-- version 5.1.1
-- https://www.phpmyadmin.net/
--
-- Host: 127.0.0.1
-- Generation Time: Dec 13, 2021 at 05:39 AM
-- Server version: 10.4.21-MariaDB
-- PHP Version: 8.0.12

SET SQL_MODE = "NO_AUTO_VALUE_ON_ZERO";
START TRANSACTION;
SET time_zone = "+00:00";


/*!40101 SET @OLD_CHARACTER_SET_CLIENT=@@CHARACTER_SET_CLIENT */;
/*!40101 SET @OLD_CHARACTER_SET_RESULTS=@@CHARACTER_SET_RESULTS */;
/*!40101 SET @OLD_COLLATION_CONNECTION=@@COLLATION_CONNECTION */;
/*!40101 SET NAMES utf8mb4 */;

--
-- Database: `tickez`
--

-- --------------------------------------------------------

--
-- Table structure for table `booking`
--

CREATE TABLE `booking` (
  `id` int(11) NOT NULL,
  `invoice` varchar(277) NOT NULL,
  `userId` varchar(277) NOT NULL,
  `fullName` varchar(277) NOT NULL,
  `Email` varchar(277) NOT NULL,
  `phoneNumber` varchar(277) NOT NULL,
  `scheduleId` int(11) NOT NULL,
  `movieId` int(11) NOT NULL,
  `dateBooking` date NOT NULL,
  `timeBooking` time NOT NULL,
  `totalTicket` int(11) NOT NULL,
  `totalPayment` int(11) NOT NULL,
  `paymentMethod` varchar(50) NOT NULL,
  `statusPayment` varchar(50) NOT NULL,
  `statusUsed` enum('active','alreadyUsed') NOT NULL DEFAULT 'active',
  `createdAt` timestamp NOT NULL DEFAULT current_timestamp(),
  `updatedAt` timestamp NULL DEFAULT NULL
) ENGINE=InnoDB DEFAULT CHARSET=latin1;

--
-- Dumping data for table `booking`
--

INSERT INTO `booking` (`id`, `invoice`, `userId`, `fullName`, `Email`, `phoneNumber`, `scheduleId`, `movieId`, `dateBooking`, `timeBooking`, `totalTicket`, `totalPayment`, `paymentMethod`, `statusPayment`, `statusUsed`, `createdAt`, `updatedAt`) VALUES
(90, 'INV-5875-3-10', '245d5e69-e26a-41c9-b364-99842f61724b', 'Ahmad', 'Yani@gmail.com', '82288855562', 44, 65, '2021-10-24', '10:30:00', 1, 20, 'Midtrans', 'Pending', 'active', '2021-11-03 05:08:59', NULL),
(91, 'INV-8276-3-10', '245d5e69-e26a-41c9-b364-99842f61724b', 'Reee', 'ezlife9909@gmail.com', '82288855562', 44, 65, '2021-11-03', '09:30:00', 3, 60, 'Midtrans', 'Success', 'active', '2021-11-03 05:09:17', NULL),
(92, 'INV-4360-3-10', 'e7812c35-c052-4ea5-9040-36a93e5590d2', 'Rafi', 'gg@gmail.com', '822288855562', 107, 65, '2021-11-03', '09:30:00', 7, 140, 'Midtrans', 'Success', 'active', '2021-11-03 05:11:31', NULL),
(93, 'INV-3206-3-10', 'e7812c35-c052-4ea5-9040-36a93e5590d2', 'Rafi Ahma', 'gg@gmail.com', '8228855523', 44, 65, '2021-11-03', '09:30:00', 3, 60, 'Midtrans', 'Pending', 'active', '2021-11-03 05:33:43', NULL),
(94, 'INV-6988-3-10', 'e7812c35-c052-4ea5-9040-36a93e5590d2', 'Rafi Ahma Keren', 'gg@gmail.com', '8228855523', 44, 65, '2021-11-03', '09:30:00', 3, 60, 'Midtrans', 'Pending', 'active', '2021-11-03 05:33:52', NULL),
(95, 'INV-2439-3-10', 'e7812c35-c052-4ea5-9040-36a93e5590d2', 'Rafi Ahma', 'gg@gmail.com', '8228855523', 44, 65, '2021-11-03', '09:30:00', 3, 60, 'Midtrans', 'Pending', 'active', '2021-11-03 05:34:36', NULL),
(96, 'INV-3849-3-10', '245d5e69-e26a-41c9-b364-99842f61724b', 'Hariisx x', 'ezlife9909@gmail.com', '82288855562', 118, 107, '2021-11-03', '09:30:00', 1, 20, 'Midtrans', 'Success', 'active', '2021-12-11 06:54:01', NULL),
(97, 'INV-8853-4-10', '245d5e69-e26a-41c9-b364-99842f61724b', 'Haris Gaming Rahuld', 'ezlife9909@gmail.com', '82288855562', 114, 107, '2021-11-03', '01:20:00', 3, 80, 'Midtrans', 'Success', 'active', '2021-10-19 19:20:58', NULL),
(98, 'INV-1097-4-10', '245d5e69-e26a-41c9-b364-99842f61724b', 'Haris Gamingt Rahulda', 'ezlife9909@gmail.com', '82288855562', 117, 111, '2021-11-04', '01:20:00', 1, 105, 'Midtrans', 'Pending', 'active', '2021-11-04 02:26:41', NULL),
(99, 'INV-4825-4-10', '245d5e69-e26a-41c9-b364-99842f61724b', 'Haris Gamingt Rahulda', 'ezlife9909@gmail.com', '82288855562', 117, 111, '2021-11-04', '01:20:00', 1, 105, 'Midtrans', 'Pending', 'active', '2021-11-04 02:31:31', NULL),
(100, 'INV-6253-4-10', '245d5e69-e26a-41c9-b364-99842f61724b', 'Haris Gamingt Rahulda', 'ezlife9909@gmail.com', '82288855562', 117, 111, '2021-11-04', '01:20:00', 1, 105, '', 'success', 'active', '2021-11-04 02:34:48', NULL),
(101, 'INV-4245-4-10', 'e7812c35-c052-4ea5-9040-36a93e5590d2', 'Rafi Ahma', 'gg@gmail.com', '8228855523', 115, 111, '2021-11-04', '01:20:00', 2, 8, 'Midtrans', 'Pending', 'active', '2021-11-04 04:00:29', NULL),
(102, 'INV-6529-4-10', 'e7812c35-c052-4ea5-9040-36a93e5590d2', 'Rafi Ahma', 'gg@gmail.com', '8228855523', 115, 111, '2021-11-04', '01:20:00', 2, 8, 'Midtrans', 'Success', 'active', '2021-11-04 04:01:52', NULL),
(104, 'INV-7080-4-10', '784880ec-b5b9-4024-a08e-2def145418fb', 'Haris WahyuX', 'GGWP@GMAIL.com', '3333333333', 115, 111, '2021-11-04', '01:20:00', 1, 4, 'Midtrans', 'Success', 'active', '2021-11-04 04:31:57', NULL),
(105, 'INV-3277-4-10', '784880ec-b5b9-4024-a08e-2def145418fb', 'Haris WahyuX', 'GGWP@GMAIL.com', '3333333333', 115, 111, '2021-11-04', '01:20:00', 1, 4, 'Midtrans', 'Pending', 'active', '2021-11-04 05:31:40', NULL),
(106, 'INV-7535-4-10', '03b07947-362e-4aa2-b61e-29fc4dd8bb3d', 'Haris Test', 'ezlife9909@gmail.com', '82288855562', 115, 111, '2021-11-04', '01:20:00', 2, 8, '', 'success', 'active', '2021-11-04 05:46:13', NULL),
(107, 'INV-5408-5-10', '03b07947-362e-4aa2-b61e-29fc4dd8bb3d', 'H Test', 'ezlife9909@gmail.com', '82288855562', 115, 111, '2021-11-05', '01:20:00', 3, 12, 'Midtrans', 'Pending', 'active', '2021-11-05 16:39:10', NULL),
(108, 'INV-8836-4-11', '8c7c488e-a4d1-4662-a936-d0621ced7575', 'adadas 3213', 'asd@gmail.com', '8228855562', 117, 111, '2021-11-19', '01:20:00', 3, 315, 'Midtrans', 'Pending', 'active', '2021-12-04 16:34:23', NULL),
(132, 'INV-2036-12-11', '0582f4ab-55c1-4fb5-ad2d-59ba726df9cd', 'FFsD XS4', 'ezlife9909@gmail.com', '822888555624', 107, 108, '2021-12-11', '12:03:00', 3, 30, 'Midtrans', 'Pending', 'active', '2021-12-11 17:01:17', NULL),
(133, 'INV-2324-12-11', '0582f4ab-55c1-4fb5-ad2d-59ba726df9cd', 'FFsD XS4', 'asd', '822888555624', 107, 108, '2021-12-12', '12:03:00', 3, 30, 'Midtrans', 'success', 'active', '2021-12-12 04:16:32', NULL),
(134, 'INV-5524-12-11', '0582f4ab-55c1-4fb5-ad2d-59ba726df9cd', 'FFsD XS4', 'asd', '822888555624', 107, 108, '2021-12-12', '09:30:00', 3, 30, 'Midtrans', 'Pending', 'active', '2021-12-12 05:23:51', NULL),
(135, 'INV-7797-12-11', '0582f4ab-55c1-4fb5-ad2d-59ba726df9cd', 'FFsD XS4', 'asd', '822888555624', 107, 108, '2021-12-12', '09:30:00', 3, 30, 'Midtrans', 'success', 'active', '2021-12-12 05:23:54', NULL),
(136, 'INV-6751-12-11', '0582f4ab-55c1-4fb5-ad2d-59ba726df9cd', 'FFsD XS4', 'asd', '822888555624', 107, 108, '2021-12-12', '09:30:00', 3, 30, 'Midtrans', 'Pending', 'active', '2021-12-12 05:30:41', NULL),
(137, 'INV-8042-12-11', '0582f4ab-55c1-4fb5-ad2d-59ba726df9cd', 'FFsD XS4', 'asd', '822888555624', 107, 108, '2021-12-12', '09:30:00', 3, 30, 'Midtrans', 'Pending', 'active', '2021-12-12 05:33:39', NULL),
(138, 'INV-2125-12-11', '0582f4ab-55c1-4fb5-ad2d-59ba726df9cd', 'FFsD XS4', 'asd', '822888555624', 107, 108, '2021-12-12', '09:30:00', 4, 40, 'Midtrans', 'Pending', 'active', '2021-12-12 05:42:04', NULL),
(139, 'INV-4110-12-11', '0582f4ab-55c1-4fb5-ad2d-59ba726df9cd', 'FFsD XS4', 'asd', '822888555624', 107, 108, '2021-12-12', '09:30:00', 4, 40, 'Midtrans', 'Pending', 'active', '2021-12-12 05:45:36', NULL),
(140, 'INV-6571-12-11', '0582f4ab-55c1-4fb5-ad2d-59ba726df9cd', 'FFsD XS4', 'asd', '822888555624', 107, 108, '2021-12-12', '09:30:00', 1, 10, 'Midtrans', 'Pending', 'active', '2021-12-12 06:05:47', NULL),
(141, 'INV-8263-12-11', '0582f4ab-55c1-4fb5-ad2d-59ba726df9cd', 'FFsD XS4', 'asd', '822888555624', 107, 108, '2021-12-12', '09:30:00', 1, 10, 'Midtrans', 'Pending', 'active', '2021-12-12 06:05:59', NULL),
(142, 'INV-5951-12-11', '0582f4ab-55c1-4fb5-ad2d-59ba726df9cd', 'FFsD XS4', 'asd', '822888555624', 107, 108, '2021-12-12', '09:30:00', 1, 10, 'Midtrans', 'Pending', 'active', '2021-12-12 06:09:14', NULL),
(143, 'INV-7826-12-11', '0582f4ab-55c1-4fb5-ad2d-59ba726df9cd', 'FFsD XS4', 'asd', '822888555624', 107, 108, '2021-12-12', '09:30:00', 1, 10, 'Midtrans', 'Pending', 'active', '2021-12-12 06:10:27', NULL),
(144, 'INV-6186-12-11', '0582f4ab-55c1-4fb5-ad2d-59ba726df9cd', 'FFsD XS4', 's', '92299922242', 107, 108, '2021-12-12', '09:30:00', 3, 30, 'Midtrans', 'Pending', 'active', '2021-12-12 06:21:32', NULL),
(145, 'INV-7205-12-11', '0582f4ab-55c1-4fb5-ad2d-59ba726df9cd', 'FFsD XS4', 'asd', '822888555624', 107, 108, '2021-12-12', '09:30:00', 1, 10, 'Midtrans', 'Pending', 'active', '2021-12-12 06:24:26', NULL),
(146, 'INV-7543-12-11', '0582f4ab-55c1-4fb5-ad2d-59ba726df9cd', 'FFsD XS4', 'asd', '822888555624', 107, 108, '2021-12-12', '09:30:00', 2, 20, 'Midtrans', 'Pending', 'active', '2021-12-12 06:25:47', NULL),
(147, 'INV-7680-12-11', '0582f4ab-55c1-4fb5-ad2d-59ba726df9cd', 'FFsD XS4', 'asd', '822888555624', 107, 108, '2021-12-12', '09:30:00', 2, 20, 'Midtrans', 'Pending', 'active', '2021-12-12 06:28:05', NULL),
(148, 'INV-5798-12-11', '0582f4ab-55c1-4fb5-ad2d-59ba726df9cd', 'FFsD XS4', 'asd', '822888555624', 107, 108, '2021-12-12', '09:30:00', 1, 10, 'Midtrans', 'Pending', 'active', '2021-12-12 06:28:43', NULL),
(149, 'INV-3316-12-11', '0582f4ab-55c1-4fb5-ad2d-59ba726df9cd', 'FFsD XS4', 'asd', '822888555624', 107, 108, '2021-12-12', '09:30:00', 1, 10, 'Midtrans', 'Pending', 'active', '2021-12-12 06:38:55', NULL),
(150, 'INV-6062-12-11', '0582f4ab-55c1-4fb5-ad2d-59ba726df9cd', 'FFsD XS4', 'asd', '822888555624', 107, 108, '2021-12-12', '09:30:00', 2, 20, 'Midtrans', 'Pending', 'active', '2021-12-12 07:54:36', NULL),
(151, 'INV-8172-12-11', '0582f4ab-55c1-4fb5-ad2d-59ba726df9cd', 'FFsD XS4', 'asd', '822888555624', 107, 108, '2021-12-12', '09:30:00', 2, 20, 'Midtrans', 'Pending', 'active', '2021-12-12 07:56:32', NULL),
(152, 'INV-2294-12-11', '0582f4ab-55c1-4fb5-ad2d-59ba726df9cd', 'FFsD XS4', 'asd', '822888555624', 107, 108, '2021-12-12', '09:30:00', 3, 30, 'Midtrans', 'Pending', 'active', '2021-12-12 08:09:03', NULL),
(153, 'INV-7770-13-11', '0582f4ab-55c1-4fb5-ad2d-59ba726df9cd', 'FFsD XS4', 'asd', '822888555624', 107, 108, '2030-12-13', '09:30:00', 4, 40, 'Midtrans', 'Pending', 'active', '2021-12-13 02:53:27', NULL);

-- --------------------------------------------------------

--
-- Table structure for table `movie`
--

CREATE TABLE `movie` (
  `id` int(11) NOT NULL,
  `name` varchar(255) NOT NULL,
  `category` varchar(255) NOT NULL,
  `image` varchar(255) DEFAULT NULL,
  `releaseDate` date NOT NULL,
  `duration` varchar(277) NOT NULL,
  `director` varchar(255) NOT NULL,
  `cast` varchar(255) NOT NULL,
  `sypnosis` longtext NOT NULL,
  `createdAt` timestamp NOT NULL DEFAULT current_timestamp(),
  `updatedAt` timestamp NULL DEFAULT NULL
) ENGINE=InnoDB DEFAULT CHARSET=latin1;

--
-- Dumping data for table `movie`
--

INSERT INTO `movie` (`id`, `name`, `category`, `image`, `releaseDate`, `duration`, `director`, `cast`, `sypnosis`, `createdAt`, `updatedAt`) VALUES
(90, 'Sang Pemimpi', 'Inpiration', '2021-11-03T17-32-45.753Zsang-pemimpi.jpg', '2021-01-10', '20 Hours 40 Minute', 'Rudy Habibi', 'Reza Arap', 'Sang Pemimpi', '2021-11-03 17:32:45', NULL),
(108, 'Home Coming', 'Action, Crime', '2021-11-03T17-33-34.473Zmovie1.png', '2023-01-08', '5 Hours 30 Minute', 'Sony', 'Lional Messi', 'Seri ketiga \"John Wick\" ini akan mengisahkan kelanjutan nasib si pembunuh bayaran usai menghabisi nyawa anggota High Table dalam The Continental. Ia sendiri diburu dan hidupnya dihargai sebesar USD 14 juta (sekitar Rp 201 miliar). Diburu oleh berbagai pembunuh bayaran hebat, John akan dibantu oleh karakter baru yang misterius bernama Sofia (Halle Berry)', '2021-11-03 17:33:34', '2021-12-06 15:46:45'),
(109, 'The Lion', 'Action, Crime', '2021-11-03T17-33-45.589Zmovie2.png', '2023-07-09', '5 Hours 30 Minute', 'Sony', 'Lional Messi', 'Seri ketiga \"John Wick\" ini akan mengisahkan kelanjutan nasib si pembunuh bayaran usai menghabisi nyawa anggota High Table dalam The Continental. Ia sendiri diburu dan hidupnya dihargai sebesar USD 14 juta (sekitar Rp 201 miliar). Diburu oleh berbagai pembunuh bayaran hebat, John akan dibantu oleh karakter baru yang misterius bernama Sofia (Halle Berry)', '2021-11-03 17:33:45', '2021-12-06 15:47:20'),
(110, 'Jhon Wick', 'Action, Crime', '2021-11-03T17-33-51.602Zmovie3.png', '2013-06-02', '5 Hours 30 Minute', 'Sony', 'Lional Messi', 'Seri ketiga \"John Wick\" ini akan mengisahkan kelanjutan nasib si pembunuh bayaran usai menghabisi nyawa anggota High Table dalam The Continental. Ia sendiri diburu dan hidupnya dihargai sebesar USD 14 juta (sekitar Rp 201 miliar). Diburu oleh berbagai pembunuh bayaran hebat, John akan dibantu oleh karakter baru yang misterius bernama Sofia (Halle Berry)', '2021-11-03 17:33:51', '2021-12-06 15:48:14'),
(111, 'Avanger End Game', 'Action, Crime', '2021-11-03T17-33-57.415ZPoster_Film___Avengers_Endgame___Marvel_Studios___Movie_Post.jpg', '2039-05-16', '5 Hours 30 Minute', 'Sony', 'Lional Messi', 'Seri ketiga \"John Wick\" ini akan mengisahkan kelanjutan nasib si pembunuh bayaran usai menghabisi nyawa anggota High Table dalam The Continental. Ia sendiri diburu dan hidupnya dihargai sebesar USD 14 juta (sekitar Rp 201 miliar). Diburu oleh berbagai pembunuh bayaran hebat, John akan dibantu oleh karakter baru yang misterius bernama Sofia (Halle Berry)', '2022-04-30 17:34:25', '2021-12-06 15:47:08'),
(112, 'Mata Batin 1', 'Action, Crime', '2021-11-03T17-34-03.565Ztwittercom78-895d98fd4676c59b40715bc677852199.jpg', '2023-04-08', '5 Hours 30 Minute', 'Mata Batin 1', 'Lional Messi', 'Seri ketiga \"John Wick\" ini akan mengisahkan kelanjutan nasib si pembunuh bayaran usai menghabisi nyawa anggota High Table dalam The Continental. Ia sendiri diburu dan hidupnya dihargai sebesar USD 14 juta (sekitar Rp 201 miliar). Diburu oleh berbagai pembunuh bayaran hebat, John akan dibantu oleh karakter baru yang misterius bernama Sofia (Halle Berry)', '2022-03-31 17:34:25', '2021-12-06 15:47:46'),
(113, 'Mata Batin 2', 'Action, Crime', '2021-11-03T17-34-10.019Ztwittercom78-895d98fd4676c59b40715bc677852199.jpg', '2023-03-09', '5 Hours 30 Minute', 'Sony', 'Lional Messi', 'Seri ketiga \"John Wick\" ini akan mengisahkan kelanjutan nasib si pembunuh bayaran usai menghabisi nyawa anggota High Table dalam The Continental. Ia sendiri diburu dan hidupnya dihargai sebesar USD 14 juta (sekitar Rp 201 miliar). Diburu oleh berbagai pembunuh bayaran hebat, John akan dibantu oleh karakter baru yang misterius bernama Sofia (Halle Berry)', '2022-02-28 17:34:25', '2021-12-06 15:47:55'),
(114, 'Mata Batin 3', 'Action, Crime', '2021-11-03T17-34-10.719Ztwittercom78-895d98fd4676c59b40715bc677852199.jpg', '2023-02-01', '5 Hours 30 Minute', 'Sony', 'Lional Messi', 'Seri ketiga \"John Wick\" ini akan mengisahkan kelanjutan nasib si pembunuh bayaran usai menghabisi nyawa anggota High Table dalam The Continental. Ia sendiri diburu dan hidupnya dihargai sebesar USD 14 juta (sekitar Rp 201 miliar). Diburu oleh berbagai pembunuh bayaran hebat, John akan dibantu oleh karakter baru yang misterius bernama Sofia (Halle Berry)', '2022-01-31 17:34:25', '2021-12-06 15:48:04'),
(115, 'Far From Home', 'Action, Crime', '2021-12-06T15-43-29.812Zempire-december-2021-cover-1.jpg', '2023-01-05', '5 Hours 30 Minute', 'Sony', 'Lional Messi', 'Peter Parker (Tom Holland) tengah mengunjungi Eropa untuk liburan panjang bersama temaan-temanya. Sayangnya , Parker tidak bisa dengan tenang menikmati liburannya, karena Nick Fury datang secara tiba-tiba di kamar hotelnya. Selama di Eropa pun Peter harus menghadapi banyak musuh mulai dari Hydro Man, Sandman dan Molten Man.\n', '2021-12-31 17:34:25', '2021-12-06 15:44:45');

-- --------------------------------------------------------

--
-- Table structure for table `schedule`
--

CREATE TABLE `schedule` (
  `id` int(11) NOT NULL,
  `movieID` int(11) NOT NULL,
  `price` int(11) NOT NULL,
  `premier` varchar(277) NOT NULL,
  `location` varchar(255) NOT NULL,
  `dateStart` date NOT NULL,
  `dateEnd` date NOT NULL,
  `time` varchar(255) NOT NULL,
  `createdAt` timestamp NOT NULL DEFAULT current_timestamp(),
  `updatedAt` timestamp NULL DEFAULT NULL
) ENGINE=InnoDB DEFAULT CHARSET=latin1;

--
-- Dumping data for table `schedule`
--

INSERT INTO `schedule` (`id`, `movieID`, `price`, `premier`, `location`, `dateStart`, `dateEnd`, `time`, `createdAt`, `updatedAt`) VALUES
(107, 108, 10, 'ebuId', 'Aceh', '2021-11-01', '2031-11-20', '01:20,03:40,05:30,09:30,10:30,12:03', '2021-11-03 18:27:09', '2021-11-03 18:40:50'),
(123, 108, 10, 'ebuId', 'Medan', '2021-11-01', '2031-11-20', '01:20,03:40,05:30,09:30,10:30,12:03', '2021-11-03 18:27:09', '2021-11-03 18:40:50'),
(124, 108, 10, 'hiFlix', 'Medan', '2021-11-01', '2031-11-20', '01:20,03:40,05:30,09:30,10:30,12:03', '2021-11-03 18:27:09', '2021-11-03 18:40:50'),
(125, 108, 10, 'ebuId', 'Medan', '2021-11-01', '2031-11-20', '01:20,03:40,05:30,09:30,10:30,12:03', '2021-11-03 18:27:09', '2021-11-03 18:40:50'),
(126, 108, 10, 'CineOne21', 'Medan', '2021-11-01', '2031-11-20', '01:20,03:40,05:30,09:30,10:30,12:03', '2021-11-03 18:27:09', '2021-11-03 18:40:50'),
(127, 108, 10, 'hiFlix', 'Aceh', '2021-11-01', '2031-11-20', '01:20,03:40,05:30,09:30,10:30,12:03', '2021-11-03 18:27:09', '2021-11-03 18:40:50'),
(128, 108, 10, 'ebuId', 'Makasar', '2021-11-01', '2031-11-20', '01:20,03:40,05:30,09:30,10:30,12:03', '2021-11-03 18:27:09', '2021-11-03 18:40:50');

-- --------------------------------------------------------

--
-- Table structure for table `seatbooking`
--

CREATE TABLE `seatbooking` (
  `id` int(11) NOT NULL,
  `bookingId` int(11) NOT NULL,
  `scheduleId` int(11) NOT NULL,
  `movieId` int(11) NOT NULL,
  `dateSchedule` date DEFAULT NULL,
  `timeSchedule` time NOT NULL,
  `seat` varchar(50) NOT NULL,
  `createdAt` timestamp NOT NULL DEFAULT current_timestamp(),
  `updatedAt` timestamp NULL DEFAULT NULL
) ENGINE=InnoDB DEFAULT CHARSET=latin1;

--
-- Dumping data for table `seatbooking`
--

INSERT INTO `seatbooking` (`id`, `bookingId`, `scheduleId`, `movieId`, `dateSchedule`, `timeSchedule`, `seat`, `createdAt`, `updatedAt`) VALUES
(62, 24, 10, 9, '2021-10-25', '19:00:00', 'V1', '2021-10-01 04:41:45', NULL),
(63, 24, 10, 9, '2021-10-25', '19:00:00', 'V2', '2021-10-01 04:41:45', NULL),
(64, 24, 10, 9, '2021-10-25', '19:00:00', 'V3', '2021-10-01 04:41:45', NULL),
(65, 25, 10, 9, '2021-10-25', '19:00:00', 'V1', '2021-10-06 17:53:44', NULL),
(66, 25, 10, 9, '2021-10-25', '19:00:00', 'V2', '2021-10-06 17:53:44', NULL),
(67, 25, 10, 9, '2021-10-25', '19:00:00', 'V3', '2021-10-06 17:53:44', NULL),
(68, 26, 10, 9, '2021-10-25', '19:00:00', 'V1', '2021-10-06 17:54:56', NULL),
(69, 26, 10, 9, '2021-10-25', '19:00:00', 'V2', '2021-10-06 17:54:56', NULL),
(70, 26, 10, 9, '2021-10-25', '19:00:00', 'V3', '2021-10-06 17:54:56', NULL),
(71, 27, 10, 9, '2021-08-25', '19:00:00', 'V1', '2021-10-06 18:03:37', NULL),
(72, 27, 10, 9, '2021-08-25', '19:00:00', 'V2', '2021-10-06 18:03:37', NULL),
(73, 27, 10, 9, '2021-08-25', '19:00:00', 'V3', '2021-10-06 18:03:37', NULL),
(74, 28, 10, 9, '2021-08-25', '19:00:00', 'V1', '2021-10-07 17:13:25', NULL),
(75, 28, 10, 9, '2021-08-25', '19:00:00', 'V2', '2021-10-07 17:13:25', NULL),
(76, 28, 10, 9, '2021-08-25', '19:00:00', 'V3', '2021-10-07 17:13:25', NULL),
(77, 29, 10, 9, '2021-08-25', '19:00:00', 'V1', '2021-10-07 17:13:43', NULL),
(78, 29, 10, 9, '2021-08-25', '19:00:00', 'V2', '2021-10-07 17:13:43', NULL),
(79, 29, 10, 9, '2021-08-25', '19:00:00', 'V3', '2021-10-07 17:13:43', NULL),
(80, 30, 10, 9, '2021-08-25', '19:00:00', 'V1', '2021-10-07 17:14:21', NULL),
(81, 30, 10, 9, '2021-08-25', '19:00:00', 'V2', '2021-10-07 17:14:21', NULL),
(82, 30, 10, 9, '2021-08-25', '19:00:00', 'V3', '2021-10-07 17:14:21', NULL),
(83, 31, 10, 9, '2021-08-25', '19:00:00', 'V1', '2021-10-07 17:14:28', NULL),
(84, 31, 10, 9, '2021-08-25', '19:00:00', 'V2', '2021-10-07 17:14:28', NULL),
(85, 31, 10, 9, '2021-08-25', '19:00:00', 'V3', '2021-10-07 17:14:28', NULL),
(86, 32, 10, 9, '2021-08-25', '19:00:00', 'V1', '2021-10-07 17:14:36', NULL),
(87, 32, 10, 9, '2021-08-25', '19:00:00', 'V2', '2021-10-07 17:14:36', NULL),
(88, 32, 10, 9, '2021-08-25', '19:00:00', 'V3', '2021-10-07 17:14:36', NULL),
(89, 33, 10, 9, '2021-08-25', '19:00:00', 'V1', '2021-10-07 17:14:57', NULL),
(90, 33, 10, 9, '2021-08-25', '19:00:00', 'V2', '2021-10-07 17:14:57', NULL),
(91, 33, 10, 9, '2021-08-25', '19:00:00', 'V3', '2021-10-07 17:14:57', NULL),
(92, 34, 10, 9, '2021-08-25', '19:00:00', 'V1', '2021-10-07 17:16:03', NULL),
(93, 34, 10, 9, '2021-08-25', '19:00:00', 'V2', '2021-10-07 17:16:03', NULL),
(94, 34, 10, 9, '2021-08-25', '19:00:00', 'V3', '2021-10-07 17:16:03', NULL),
(95, 35, 10, 9, '2021-08-25', '19:00:00', 'V1', '2021-10-07 17:17:37', NULL),
(96, 35, 10, 9, '2021-08-25', '19:00:00', 'V2', '2021-10-07 17:17:37', NULL),
(97, 35, 10, 9, '2021-08-25', '19:00:00', 'V3', '2021-10-07 17:17:37', NULL),
(98, 36, 10, 9, '2021-08-25', '19:00:00', 'V1', '2021-10-07 17:18:47', NULL),
(99, 36, 10, 9, '2021-08-25', '19:00:00', 'V2', '2021-10-07 17:18:47', NULL),
(100, 36, 10, 9, '2021-08-25', '19:00:00', 'V3', '2021-10-07 17:18:47', NULL),
(101, 37, 10, 9, '2021-08-25', '19:00:00', 'V1', '2021-10-07 17:19:32', NULL),
(102, 37, 10, 9, '2021-08-25', '19:00:00', 'V2', '2021-10-07 17:19:32', NULL),
(103, 37, 10, 9, '2021-08-25', '19:00:00', 'V3', '2021-10-07 17:19:32', NULL),
(104, 38, 10, 9, '2021-08-25', '19:00:00', 'V1', '2021-10-07 17:20:11', NULL),
(105, 38, 10, 9, '2021-08-25', '19:00:00', 'V2', '2021-10-07 17:20:11', NULL),
(106, 38, 10, 9, '2021-08-25', '19:00:00', 'V3', '2021-10-07 17:20:11', NULL),
(107, 39, 10, 9, '2021-08-25', '19:00:00', 'V1', '2021-10-07 17:21:53', NULL),
(108, 39, 10, 9, '2021-08-25', '19:00:00', 'V2', '2021-10-07 17:21:53', NULL),
(109, 39, 10, 9, '2021-08-25', '19:00:00', 'V3', '2021-10-07 17:21:53', NULL),
(110, 40, 10, 9, '2021-08-25', '19:00:00', 'V1', '2021-10-07 17:22:43', NULL),
(111, 40, 10, 9, '2021-08-25', '19:00:00', 'V2', '2021-10-07 17:22:43', NULL),
(112, 40, 10, 9, '2021-08-25', '19:00:00', 'V3', '2021-10-07 17:22:43', NULL),
(113, 41, 10, 9, '2021-08-25', '19:00:00', 'V1', '2021-10-07 17:23:01', NULL),
(114, 41, 10, 9, '2021-08-25', '19:00:00', 'V2', '2021-10-07 17:23:01', NULL),
(115, 41, 10, 9, '2021-08-25', '19:00:00', 'V3', '2021-10-07 17:23:01', NULL),
(116, 42, 10, 9, '2021-08-25', '19:00:00', 'V1', '2021-10-07 18:00:12', NULL),
(117, 42, 10, 9, '2021-08-25', '19:00:00', 'V2', '2021-10-07 18:00:12', NULL),
(118, 42, 10, 9, '2021-08-25', '19:00:00', 'V3', '2021-10-07 18:00:12', NULL),
(119, 43, 10, 9, '2021-08-25', '19:00:00', 'V1', '2021-10-07 18:02:03', NULL),
(120, 43, 10, 9, '2021-08-25', '19:00:00', 'V2', '2021-10-07 18:02:03', NULL),
(121, 43, 10, 9, '2021-08-25', '19:00:00', 'V3', '2021-10-07 18:02:03', NULL),
(122, 44, 10, 9, '2021-08-25', '19:00:00', 'V1', '2021-10-07 18:08:12', NULL),
(123, 44, 10, 9, '2021-08-25', '19:00:00', 'V2', '2021-10-07 18:08:12', NULL),
(124, 44, 10, 9, '2021-08-25', '19:00:00', 'V3', '2021-10-07 18:08:12', NULL),
(125, 45, 10, 9, '2021-08-25', '19:00:00', 'V1', '2021-10-07 18:10:01', NULL),
(126, 45, 10, 9, '2021-08-25', '19:00:00', 'V2', '2021-10-07 18:10:01', NULL),
(127, 45, 10, 9, '2021-08-25', '19:00:00', 'V3', '2021-10-07 18:10:01', NULL),
(128, 46, 10, 9, '2021-08-25', '19:00:00', 'V1', '2021-10-07 18:11:41', NULL),
(129, 46, 10, 9, '2021-08-25', '19:00:00', 'V2', '2021-10-07 18:11:41', NULL),
(130, 46, 10, 9, '2021-08-25', '19:00:00', 'V3', '2021-10-07 18:11:41', NULL),
(131, 47, 10, 9, '2021-08-25', '19:00:00', 'V1', '2021-10-07 18:12:35', NULL),
(132, 47, 10, 9, '2021-08-25', '19:00:00', 'V2', '2021-10-07 18:12:35', NULL),
(133, 47, 10, 9, '2021-08-25', '19:00:00', 'V3', '2021-10-07 18:12:35', NULL),
(134, 48, 10, 9, '2021-08-25', '19:00:00', 'V1', '2021-10-08 02:26:03', NULL),
(135, 48, 10, 9, '2021-08-25', '19:00:00', 'V2', '2021-10-08 02:26:03', NULL),
(136, 48, 10, 9, '2021-08-25', '19:00:00', 'V3', '2021-10-08 02:26:03', NULL),
(137, 49, 10, 9, '2021-08-25', '19:00:00', 'V1', '2021-10-08 02:27:20', NULL),
(138, 49, 10, 9, '2021-08-25', '19:00:00', 'V2', '2021-10-08 02:27:20', NULL),
(139, 49, 10, 9, '2021-08-25', '19:00:00', 'V3', '2021-10-08 02:27:20', NULL),
(140, 50, 10, 9, '2021-08-25', '19:00:00', 'V1', '2021-10-08 03:03:19', NULL),
(141, 50, 10, 9, '2021-08-25', '19:00:00', 'V2', '2021-10-08 03:03:19', NULL),
(142, 50, 10, 9, '2021-08-25', '19:00:00', 'V3', '2021-10-08 03:03:19', NULL),
(143, 51, 10, 9, '2021-08-25', '19:00:00', 'V1', '2021-10-08 03:04:20', NULL),
(144, 51, 10, 9, '2021-08-25', '19:00:00', 'V2', '2021-10-08 03:04:20', NULL),
(145, 51, 10, 9, '2021-08-25', '19:00:00', 'V3', '2021-10-08 03:04:20', NULL),
(146, 52, 10, 9, '2021-08-25', '19:00:00', 'V1', '2021-10-08 03:09:58', NULL),
(147, 52, 10, 9, '2021-08-25', '19:00:00', 'V2', '2021-10-08 03:09:58', NULL),
(148, 52, 10, 9, '2021-08-25', '19:00:00', 'V3', '2021-10-08 03:09:58', NULL),
(149, 53, 10, 9, '2021-08-25', '19:00:00', 'V1', '2021-10-08 08:55:52', NULL),
(150, 53, 10, 9, '2021-08-25', '19:00:00', 'V2', '2021-10-08 08:55:52', NULL),
(151, 53, 10, 9, '2021-08-25', '19:00:00', 'V3', '2021-10-08 08:55:52', NULL),
(152, 54, 10, 9, '2021-08-25', '19:00:00', 'V1', '2021-10-08 08:55:57', NULL),
(153, 54, 10, 9, '2021-08-25', '19:00:00', 'V2', '2021-10-08 08:55:57', NULL),
(154, 54, 10, 9, '2021-08-25', '19:00:00', 'V3', '2021-10-08 08:55:57', NULL),
(155, 55, 29, 9, '2021-08-25', '19:00:00', 'V1', '2021-10-24 16:11:37', NULL),
(156, 55, 29, 9, '2021-08-25', '19:00:00', 'V2', '2021-10-24 16:11:37', NULL),
(157, 55, 29, 9, '2021-08-25', '19:00:00', 'V3', '2021-10-24 16:11:37', NULL),
(158, 56, 33, 73, '2021-10-24', '10:30:00', 'G14', '2021-10-24 16:14:51', NULL),
(159, 57, 33, 74, '2021-10-24', '19:00:00', 'F7', '2021-10-24 16:19:11', NULL),
(160, 57, 33, 74, '2021-10-24', '19:00:00', 'F12', '2021-10-24 16:19:11', NULL),
(161, 58, 33, 74, '2021-10-24', '19:00:00', 'F7', '2021-10-24 16:20:25', NULL),
(162, 58, 33, 74, '2021-10-24', '19:00:00', 'F12', '2021-10-24 16:20:25', NULL),
(163, 59, 33, 74, '2021-10-24', '19:00:00', 'F7', '2021-10-24 16:20:59', NULL),
(164, 59, 33, 74, '2021-10-24', '19:00:00', 'F12', '2021-10-24 16:20:59', NULL),
(165, 60, 33, 74, '2021-10-24', '19:00:00', 'F7', '2021-10-24 16:21:13', NULL),
(166, 60, 33, 74, '2021-10-24', '19:00:00', 'F12', '2021-10-24 16:21:13', NULL),
(167, 61, 33, 74, '2021-10-24', '19:00:00', 'F7', '2021-10-24 16:21:50', NULL),
(168, 61, 33, 74, '2021-10-24', '19:00:00', 'F12', '2021-10-24 16:21:50', NULL),
(169, 62, 33, 74, '2021-10-24', '19:00:00', 'F7', '2021-10-24 16:22:00', NULL),
(170, 62, 33, 74, '2021-10-24', '19:00:00', 'F12', '2021-10-24 16:22:00', NULL),
(171, 63, 33, 74, '2021-10-24', '19:00:00', 'F7', '2021-10-24 16:22:18', NULL),
(172, 63, 33, 74, '2021-10-24', '19:00:00', 'F12', '2021-10-24 16:22:18', NULL),
(173, 64, 33, 74, '2021-10-24', '19:00:00', 'F7', '2021-10-24 16:22:40', NULL),
(174, 64, 33, 74, '2021-10-24', '19:00:00', 'F12', '2021-10-24 16:22:40', NULL),
(175, 65, 34, 74, '2021-10-24', '20:30:00', 'B11', '2021-10-24 16:24:29', NULL),
(176, 65, 34, 74, '2021-10-24', '20:30:00', 'B12', '2021-10-24 16:24:29', NULL),
(177, 65, 34, 74, '2021-10-24', '20:30:00', 'B13', '2021-10-24 16:24:29', NULL),
(178, 66, 34, 74, '2021-10-24', '20:30:00', 'B11', '2021-10-24 16:24:29', NULL),
(179, 66, 34, 74, '2021-10-24', '20:30:00', 'B12', '2021-10-24 16:24:29', NULL),
(180, 66, 34, 74, '2021-10-24', '20:30:00', 'B13', '2021-10-24 16:24:29', NULL),
(181, 67, 34, 74, '2021-10-24', '20:30:00', 'B11', '2021-10-24 16:24:29', NULL),
(182, 67, 34, 74, '2021-10-24', '20:30:00', 'B12', '2021-10-24 16:24:29', NULL),
(183, 67, 34, 74, '2021-10-24', '20:30:00', 'B13', '2021-10-24 16:24:29', NULL),
(184, 68, 34, 74, '2021-10-24', '20:30:00', 'B11', '2021-10-24 16:24:29', NULL),
(185, 68, 34, 74, '2021-10-24', '20:30:00', 'B12', '2021-10-24 16:24:29', NULL),
(186, 68, 34, 74, '2021-10-24', '20:30:00', 'B13', '2021-10-24 16:24:29', NULL),
(187, 69, 34, 74, '2021-10-24', '20:30:00', 'B11', '2021-10-24 16:24:29', NULL),
(188, 69, 34, 74, '2021-10-24', '20:30:00', 'B12', '2021-10-24 16:24:29', NULL),
(189, 69, 34, 74, '2021-10-24', '20:30:00', 'B13', '2021-10-24 16:24:29', NULL),
(190, 70, 34, 74, '2021-10-24', '20:30:00', 'B11', '2021-10-24 16:24:29', NULL),
(191, 70, 34, 74, '2021-10-24', '20:30:00', 'B12', '2021-10-24 16:24:29', NULL),
(192, 70, 34, 74, '2021-10-24', '20:30:00', 'B13', '2021-10-24 16:24:29', NULL),
(193, 71, 34, 74, '2021-10-24', '20:30:00', 'B11', '2021-10-24 16:24:29', NULL),
(194, 71, 34, 74, '2021-10-24', '20:30:00', 'B12', '2021-10-24 16:24:29', NULL),
(195, 71, 34, 74, '2021-10-24', '20:30:00', 'B13', '2021-10-24 16:24:29', NULL),
(196, 72, 33, 74, '2021-10-24', '19:00:00', 'F10', '2021-10-24 16:25:09', NULL),
(197, 73, 33, 73, '2021-10-24', '16:30:00', 'B8', '2021-10-24 16:28:47', NULL),
(198, 73, 33, 73, '2021-10-24', '16:30:00', 'B9', '2021-10-24 16:28:47', NULL),
(199, 73, 33, 73, '2021-10-24', '16:30:00', 'B10', '2021-10-24 16:28:47', NULL),
(200, 74, 45, 73, '2021-10-25', '20:30:00', 'E11', '2021-10-25 07:03:19', NULL),
(201, 75, 48, 73, '2021-10-25', '16:30:00', 'G10', '2021-10-25 07:09:03', NULL),
(202, 75, 48, 73, '2021-10-25', '16:30:00', 'F10', '2021-10-25 07:09:03', NULL),
(203, 75, 48, 73, '2021-10-25', '16:30:00', 'E10', '2021-10-25 07:09:03', NULL),
(204, 76, 48, 73, '2021-10-25', '16:30:00', 'G10', '2021-10-25 07:09:10', NULL),
(205, 76, 48, 73, '2021-10-25', '16:30:00', 'F10', '2021-10-25 07:09:10', NULL),
(206, 76, 48, 73, '2021-10-25', '16:30:00', 'E10', '2021-10-25 07:09:10', NULL),
(207, 77, 48, 73, '2021-10-25', '16:30:00', 'G10', '2021-10-25 07:10:11', NULL),
(208, 77, 48, 73, '2021-10-25', '16:30:00', 'F10', '2021-10-25 07:10:11', NULL),
(209, 77, 48, 73, '2021-10-25', '16:30:00', 'E10', '2021-10-25 07:10:11', NULL),
(210, 78, 48, 73, '2021-10-25', '16:30:00', 'G10', '2021-10-25 07:10:16', NULL),
(211, 78, 48, 73, '2021-10-25', '16:30:00', 'F10', '2021-10-25 07:10:16', NULL),
(212, 78, 48, 73, '2021-10-25', '16:30:00', 'E10', '2021-10-25 07:10:16', NULL),
(213, 79, 44, 74, '2021-10-25', '09:30:00', 'A1', '2021-10-25 08:59:48', NULL),
(214, 79, 44, 74, '2021-10-25', '09:30:00', 'G7', '2021-10-25 08:59:48', NULL),
(215, 80, 44, 74, '2021-10-25', '09:30:00', 'A8', '2021-10-25 09:07:21', NULL),
(216, 80, 44, 74, '2021-10-25', '09:30:00', 'A9', '2021-10-25 09:07:21', NULL),
(217, 80, 44, 74, '2021-10-25', '09:30:00', 'A10', '2021-10-25 09:07:21', NULL),
(218, 80, 44, 74, '2021-10-25', '09:30:00', 'A11', '2021-10-25 09:07:21', NULL),
(219, 80, 44, 74, '2021-10-25', '09:30:00', 'A12', '2021-10-25 09:07:21', NULL),
(220, 80, 44, 74, '2021-10-25', '09:30:00', 'A13', '2021-10-25 09:07:21', NULL),
(221, 80, 44, 74, '2021-10-25', '09:30:00', 'A14', '2021-10-25 09:07:21', NULL),
(222, 81, 45, 65, '2021-10-25', '12:00:00', 'A12', '2021-10-25 09:21:45', NULL),
(223, 81, 45, 65, '2021-10-25', '12:00:00', 'A11', '2021-10-25 09:21:45', NULL),
(224, 81, 45, 65, '2021-10-25', '12:00:00', 'B11', '2021-10-25 09:21:45', NULL),
(225, 81, 45, 65, '2021-10-25', '12:00:00', 'B12', '2021-10-25 09:21:45', NULL),
(226, 82, 45, 65, '2021-10-25', '10:30:00', 'B10', '2021-10-25 12:42:34', NULL),
(227, 82, 45, 65, '2021-10-25', '10:30:00', 'C10', '2021-10-25 12:42:34', NULL),
(228, 82, 45, 65, '2021-10-25', '10:30:00', 'C11', '2021-10-25 12:42:34', NULL),
(229, 83, 45, 64, '2021-10-25', '19:00:00', 'C9', '2021-10-25 17:01:23', NULL),
(230, 83, 45, 64, '2021-10-25', '19:00:00', 'B9', '2021-10-25 17:01:23', NULL),
(231, 83, 45, 64, '2021-10-25', '19:00:00', 'B10', '2021-10-25 17:01:23', NULL),
(232, 84, 44, 64, '2021-10-26', '09:30:00', 'C4', '2021-10-26 03:11:12', NULL),
(233, 84, 44, 64, '2021-10-26', '09:30:00', 'D4', '2021-10-26 03:11:12', NULL),
(234, 84, 44, 64, '2021-10-26', '09:30:00', 'D5', '2021-10-26 03:11:12', NULL),
(235, 85, 44, 64, '2021-10-26', '09:30:00', 'E4', '2021-10-26 03:28:37', NULL),
(236, 85, 44, 64, '2021-10-26', '09:30:00', 'E3', '2021-10-26 03:28:37', NULL),
(237, 85, 44, 64, '2021-10-26', '09:30:00', 'D4', '2021-10-26 03:28:37', NULL),
(238, 86, 44, 64, '2021-10-26', '09:30:00', 'E4', '2021-10-26 03:28:38', NULL),
(239, 86, 44, 64, '2021-10-26', '09:30:00', 'E3', '2021-10-26 03:28:38', NULL),
(240, 86, 44, 64, '2021-10-26', '09:30:00', 'D4', '2021-10-26 03:28:38', NULL),
(241, 87, 44, 64, '2021-10-26', '09:30:00', 'A7', '2021-10-26 21:29:31', NULL),
(242, 87, 44, 64, '2021-10-26', '09:30:00', 'A8', '2021-10-26 21:29:31', NULL),
(243, 87, 44, 64, '2021-10-26', '09:30:00', 'B8', '2021-10-26 21:29:31', NULL),
(244, 88, 44, 65, '2021-11-02', '09:30:00', 'B1', '2021-11-02 17:05:54', NULL),
(245, 88, 44, 65, '2021-11-02', '09:30:00', 'C1', '2021-11-02 17:05:54', NULL),
(246, 88, 44, 65, '2021-11-02', '09:30:00', 'C2', '2021-11-02 17:05:54', NULL),
(247, 89, 44, 73, '2021-10-24', '10:30:00', 'G14', '2021-11-03 05:08:28', NULL),
(248, 90, 44, 73, '2021-10-24', '10:30:00', 'G14', '2021-11-03 05:08:59', NULL),
(249, 91, 44, 65, '2021-11-03', '09:30:00', 'A1', '2021-11-03 05:09:17', NULL),
(250, 91, 44, 65, '2021-11-03', '09:30:00', 'C1', '2021-11-03 05:09:17', NULL),
(251, 91, 44, 65, '2021-11-03', '09:30:00', 'D1', '2021-11-03 05:09:17', NULL),
(252, 92, 44, 65, '2021-11-03', '09:30:00', 'A7', '2021-11-03 05:11:31', NULL),
(253, 92, 44, 65, '2021-11-03', '09:30:00', 'B7', '2021-11-03 05:11:31', NULL),
(254, 92, 44, 65, '2021-11-03', '09:30:00', 'C7', '2021-11-03 05:11:31', NULL),
(255, 92, 44, 65, '2021-11-03', '09:30:00', 'D7', '2021-11-03 05:11:31', NULL),
(256, 92, 44, 65, '2021-11-03', '09:30:00', 'E7', '2021-11-03 05:11:31', NULL),
(257, 92, 44, 65, '2021-11-03', '09:30:00', 'F7', '2021-11-03 05:11:31', NULL),
(258, 92, 44, 65, '2021-11-03', '09:30:00', 'G7', '2021-11-03 05:11:31', NULL),
(259, 93, 44, 65, '2021-11-03', '09:30:00', 'A6', '2021-11-03 05:33:43', NULL),
(260, 93, 44, 65, '2021-11-03', '09:30:00', 'B6', '2021-11-03 05:33:43', NULL),
(261, 93, 44, 65, '2021-11-03', '09:30:00', 'C6', '2021-11-03 05:33:43', NULL),
(262, 94, 44, 65, '2021-11-03', '09:30:00', 'A6', '2021-11-03 05:33:52', NULL),
(263, 94, 44, 65, '2021-11-03', '09:30:00', 'B6', '2021-11-03 05:33:52', NULL),
(264, 94, 44, 65, '2021-11-03', '09:30:00', 'C6', '2021-11-03 05:33:52', NULL),
(265, 95, 44, 65, '2021-11-03', '09:30:00', 'A6', '2021-11-03 05:34:36', NULL),
(266, 95, 44, 65, '2021-11-03', '09:30:00', 'B6', '2021-11-03 05:34:36', NULL),
(267, 95, 44, 65, '2021-11-03', '09:30:00', 'C6', '2021-11-03 05:34:36', NULL),
(268, 96, 44, 65, '2021-11-03', '09:30:00', 'G4', '2021-11-03 06:54:01', NULL),
(269, 97, 114, 107, '2021-11-03', '01:20:00', 'C4', '2021-11-03 19:20:58', NULL),
(270, 97, 114, 107, '2021-11-03', '01:20:00', 'D4', '2021-11-03 19:20:58', NULL),
(271, 97, 114, 107, '2021-11-03', '01:20:00', 'E4', '2021-11-03 19:20:58', NULL),
(272, 98, 117, 111, '2021-11-04', '01:20:00', 'E7', '2021-11-04 02:26:41', NULL),
(273, 99, 117, 111, '2021-11-04', '01:20:00', 'E7', '2021-11-04 02:31:31', NULL),
(274, 100, 117, 111, '2021-11-04', '01:20:00', 'E7', '2021-11-04 02:34:48', NULL),
(275, 101, 115, 111, '2021-11-04', '01:20:00', 'C6', '2021-11-04 04:00:29', NULL),
(276, 101, 115, 111, '2021-11-04', '01:20:00', 'E6', '2021-11-04 04:00:29', NULL),
(277, 102, 115, 111, '2021-11-04', '01:20:00', 'C6', '2021-11-04 04:01:52', NULL),
(278, 102, 115, 111, '2021-11-04', '01:20:00', 'E6', '2021-11-04 04:01:52', NULL),
(279, 103, 115, 111, '2021-11-04', '01:20:00', 'C5', '2021-11-04 04:25:16', NULL),
(280, 103, 115, 111, '2021-11-04', '01:20:00', 'E5', '2021-11-04 04:25:16', NULL),
(281, 103, 115, 111, '2021-11-04', '01:20:00', 'D6', '2021-11-04 04:25:16', NULL),
(282, 104, 115, 111, '2021-11-04', '01:20:00', 'B5', '2021-11-04 04:31:57', NULL),
(283, 105, 115, 111, '2021-11-04', '01:20:00', 'B9', '2021-11-04 05:31:40', NULL),
(284, 106, 115, 111, '2021-11-04', '01:20:00', 'F7', '2021-11-04 05:46:13', NULL),
(285, 106, 115, 111, '2021-11-04', '01:20:00', 'G7', '2021-11-04 05:46:13', NULL),
(286, 107, 115, 111, '2021-11-05', '01:20:00', 'B3', '2021-11-05 16:39:10', NULL),
(287, 107, 115, 111, '2021-11-05', '01:20:00', 'C3', '2021-11-05 16:39:10', NULL),
(288, 107, 115, 111, '2021-11-05', '01:20:00', 'C4', '2021-11-05 16:39:10', NULL),
(289, 108, 117, 111, '2021-11-19', '01:20:00', 'D3', '2021-12-04 16:34:23', NULL),
(290, 108, 117, 111, '2021-11-19', '01:20:00', 'E3', '2021-12-04 16:34:23', NULL),
(291, 108, 117, 111, '2021-11-19', '01:20:00', 'E4', '2021-12-04 16:34:23', NULL),
(292, 109, 127, 73, '2021-10-24', '10:30:00', 'G14', '2021-12-09 13:28:32', NULL),
(293, 110, 127, 108, '0000-00-00', '05:30:00', 'G14', '2021-12-09 13:34:36', NULL),
(294, 111, 127, 108, '0000-00-00', '05:30:00', 'G12', '2021-12-09 14:21:24', NULL),
(295, 111, 127, 108, '0000-00-00', '05:30:00', 'G13', '2021-12-09 14:21:24', NULL),
(296, 111, 127, 108, '0000-00-00', '05:30:00', 'G14', '2021-12-09 14:21:24', NULL),
(297, 112, 107, 108, '2021-12-09', '10:30:00', 'G14', '2021-12-09 15:04:33', NULL),
(298, 112, 107, 108, '2021-12-09', '10:30:00', 'G13', '2021-12-09 15:04:33', NULL),
(299, 112, 107, 108, '2021-12-09', '10:30:00', 'G11', '2021-12-09 15:04:33', NULL),
(300, 112, 107, 108, '2021-12-09', '10:30:00', 'G12', '2021-12-09 15:04:33', NULL),
(301, 113, 107, 108, '2021-12-09', '10:30:00', 'G14', '2021-12-09 15:05:03', NULL),
(302, 113, 107, 108, '2021-12-09', '10:30:00', 'G13', '2021-12-09 15:05:03', NULL),
(303, 113, 107, 108, '2021-12-09', '10:30:00', 'G11', '2021-12-09 15:05:03', NULL),
(304, 113, 107, 108, '2021-12-09', '10:30:00', 'G12', '2021-12-09 15:05:03', NULL),
(305, 114, 107, 108, '2021-12-09', '10:30:00', 'G14', '2021-12-09 15:05:14', NULL),
(306, 114, 107, 108, '2021-12-09', '10:30:00', 'G13', '2021-12-09 15:05:14', NULL),
(307, 114, 107, 108, '2021-12-09', '10:30:00', 'G11', '2021-12-09 15:05:14', NULL),
(308, 114, 107, 108, '2021-12-09', '10:30:00', 'G12', '2021-12-09 15:05:14', NULL),
(309, 115, 107, 108, '2021-12-09', '10:30:00', 'G14', '2021-12-09 15:05:55', NULL),
(310, 115, 107, 108, '2021-12-09', '10:30:00', 'G13', '2021-12-09 15:05:55', NULL),
(311, 115, 107, 108, '2021-12-09', '10:30:00', 'G11', '2021-12-09 15:05:55', NULL),
(312, 115, 107, 108, '2021-12-09', '10:30:00', 'G12', '2021-12-09 15:05:55', NULL),
(313, 116, 107, 108, '2021-12-09', '10:30:00', 'G14', '2021-12-09 15:06:08', NULL),
(314, 116, 107, 108, '2021-12-09', '10:30:00', 'G13', '2021-12-09 15:06:08', NULL),
(315, 116, 107, 108, '2021-12-09', '10:30:00', 'G11', '2021-12-09 15:06:08', NULL),
(316, 116, 107, 108, '2021-12-09', '10:30:00', 'G12', '2021-12-09 15:06:08', NULL),
(317, 117, 107, 108, '2021-12-09', '10:30:00', 'G14', '2021-12-09 15:06:10', NULL),
(318, 117, 107, 108, '2021-12-09', '10:30:00', 'G13', '2021-12-09 15:06:10', NULL),
(319, 117, 107, 108, '2021-12-09', '10:30:00', 'G11', '2021-12-09 15:06:10', NULL),
(320, 117, 107, 108, '2021-12-09', '10:30:00', 'G12', '2021-12-09 15:06:10', NULL),
(321, 118, 107, 108, '2021-12-09', '10:30:00', 'G14', '2021-12-09 15:06:26', NULL),
(322, 118, 107, 108, '2021-12-09', '10:30:00', 'G13', '2021-12-09 15:06:26', NULL),
(323, 118, 107, 108, '2021-12-09', '10:30:00', 'G11', '2021-12-09 15:06:26', NULL),
(324, 118, 107, 108, '2021-12-09', '10:30:00', 'G12', '2021-12-09 15:06:26', NULL),
(325, 119, 107, 108, '2021-12-09', '10:30:00', 'G14', '2021-12-09 15:06:30', NULL),
(326, 119, 107, 108, '2021-12-09', '10:30:00', 'G13', '2021-12-09 15:06:30', NULL),
(327, 119, 107, 108, '2021-12-09', '10:30:00', 'G11', '2021-12-09 15:06:30', NULL),
(328, 119, 107, 108, '2021-12-09', '10:30:00', 'G12', '2021-12-09 15:06:30', NULL),
(329, 120, 107, 108, '2021-12-09', '10:30:00', 'G14', '2021-12-09 15:06:51', NULL),
(330, 120, 107, 108, '2021-12-09', '10:30:00', 'G13', '2021-12-09 15:06:51', NULL),
(331, 120, 107, 108, '2021-12-09', '10:30:00', 'G11', '2021-12-09 15:06:51', NULL),
(332, 120, 107, 108, '2021-12-09', '10:30:00', 'G12', '2021-12-09 15:06:51', NULL),
(333, 121, 128, 108, '2021-12-09', '10:30:00', 'G14', '2021-12-09 15:08:50', NULL),
(334, 121, 128, 108, '2021-12-09', '10:30:00', 'G13', '2021-12-09 15:08:50', NULL),
(335, 121, 128, 108, '2021-12-09', '10:30:00', 'G12', '2021-12-09 15:08:50', NULL),
(336, 122, 128, 108, '2021-12-09', '10:30:00', 'G14', '2021-12-09 15:09:18', NULL),
(337, 122, 128, 108, '2021-12-09', '10:30:00', 'G13', '2021-12-09 15:09:18', NULL),
(338, 122, 128, 108, '2021-12-09', '10:30:00', 'G12', '2021-12-09 15:09:18', NULL),
(339, 123, 128, 108, '2021-12-09', '10:30:00', 'G14', '2021-12-09 15:09:32', NULL),
(340, 123, 128, 108, '2021-12-09', '10:30:00', 'G13', '2021-12-09 15:09:32', NULL),
(341, 123, 128, 108, '2021-12-09', '10:30:00', 'G12', '2021-12-09 15:09:32', NULL),
(342, 124, 128, 108, '2021-12-09', '10:30:00', 'G14', '2021-12-09 15:10:13', NULL),
(343, 124, 128, 108, '2021-12-09', '10:30:00', 'G13', '2021-12-09 15:10:13', NULL),
(344, 124, 128, 108, '2021-12-09', '10:30:00', 'G12', '2021-12-09 15:10:13', NULL),
(345, 125, 107, 108, '2021-12-09', '12:03:00', 'G8', '2021-12-09 15:10:52', NULL),
(346, 125, 107, 108, '2021-12-09', '12:03:00', 'G9', '2021-12-09 15:10:52', NULL),
(347, 125, 107, 108, '2021-12-09', '12:03:00', 'G10', '2021-12-09 15:10:52', NULL),
(348, 126, 107, 108, '2021-12-09', '12:03:00', 'G7', '2021-12-09 15:12:29', NULL),
(349, 127, 107, 108, '2021-12-09', '12:03:00', 'G7', '2021-12-09 15:15:10', NULL),
(350, 128, 107, 108, '2021-12-09', '12:03:00', 'G7', '2021-12-09 15:15:23', NULL),
(351, 129, 107, 108, '2021-12-09', '12:03:00', 'G7', '2021-12-09 15:15:57', NULL),
(352, 130, 107, 108, '2021-12-09', '12:03:00', 'G8', '2021-12-09 15:19:01', NULL),
(353, 130, 107, 108, '2021-12-09', '12:03:00', 'G9', '2021-12-09 15:19:01', NULL),
(354, 130, 107, 108, '2021-12-09', '12:03:00', 'G11', '2021-12-09 15:19:01', NULL),
(355, 131, 107, 108, '2021-12-10', '12:03:00', 'G7', '2021-12-10 04:15:41', NULL),
(356, 131, 107, 108, '2021-12-10', '12:03:00', 'G5', '2021-12-10 04:15:41', NULL),
(357, 132, 107, 108, '2021-12-11', '12:03:00', 'G12', '2021-12-11 17:01:17', NULL),
(358, 132, 107, 108, '2021-12-11', '12:03:00', 'G13', '2021-12-11 17:01:17', NULL),
(359, 132, 107, 108, '2021-12-11', '12:03:00', 'G14', '2021-12-11 17:01:17', NULL),
(360, 133, 107, 108, '2021-12-12', '12:03:00', 'D11', '2021-12-12 04:16:32', NULL),
(361, 133, 107, 108, '2021-12-12', '12:03:00', 'E10', '2021-12-12 04:16:32', NULL),
(362, 133, 107, 108, '2021-12-12', '12:03:00', 'E11', '2021-12-12 04:16:32', NULL),
(363, 134, 107, 108, '2021-12-12', '09:30:00', 'A14', '2021-12-12 05:23:51', NULL),
(364, 134, 107, 108, '2021-12-12', '09:30:00', 'C14', '2021-12-12 05:23:51', NULL),
(365, 134, 107, 108, '2021-12-12', '09:30:00', 'B14', '2021-12-12 05:23:51', NULL),
(366, 135, 107, 108, '2021-12-12', '09:30:00', 'A14', '2021-12-12 05:23:54', NULL),
(367, 135, 107, 108, '2021-12-12', '09:30:00', 'C14', '2021-12-12 05:23:54', NULL),
(368, 135, 107, 108, '2021-12-12', '09:30:00', 'B14', '2021-12-12 05:23:54', NULL),
(369, 136, 107, 108, '2021-12-12', '09:30:00', 'G14', '2021-12-12 05:30:41', NULL),
(370, 136, 107, 108, '2021-12-12', '09:30:00', 'G13', '2021-12-12 05:30:41', NULL),
(371, 136, 107, 108, '2021-12-12', '09:30:00', 'G12', '2021-12-12 05:30:41', NULL),
(372, 137, 107, 108, '2021-12-12', '09:30:00', 'F14', '2021-12-12 05:33:39', NULL),
(373, 137, 107, 108, '2021-12-12', '09:30:00', 'D14', '2021-12-12 05:33:39', NULL),
(374, 137, 107, 108, '2021-12-12', '09:30:00', 'E14', '2021-12-12 05:33:39', NULL),
(375, 138, 107, 108, '2021-12-12', '09:30:00', 'A14', '2021-12-12 05:42:04', NULL),
(376, 138, 107, 108, '2021-12-12', '09:30:00', 'B13', '2021-12-12 05:42:04', NULL),
(377, 138, 107, 108, '2021-12-12', '09:30:00', 'B14', '2021-12-12 05:42:04', NULL),
(378, 138, 107, 108, '2021-12-12', '09:30:00', 'A13', '2021-12-12 05:42:04', NULL),
(379, 139, 107, 108, '2021-12-12', '09:30:00', 'F13', '2021-12-12 05:45:36', NULL),
(380, 139, 107, 108, '2021-12-12', '09:30:00', 'E13', '2021-12-12 05:45:36', NULL),
(381, 139, 107, 108, '2021-12-12', '09:30:00', 'C13', '2021-12-12 05:45:36', NULL),
(382, 139, 107, 108, '2021-12-12', '09:30:00', 'D13', '2021-12-12 05:45:36', NULL),
(383, 140, 107, 108, '2021-12-12', '09:30:00', 'G11', '2021-12-12 06:05:47', NULL),
(384, 141, 107, 108, '2021-12-12', '09:30:00', 'G11', '2021-12-12 06:05:59', NULL),
(385, 142, 107, 108, '2021-12-12', '09:30:00', 'B7', '2021-12-12 06:09:14', NULL),
(386, 143, 107, 108, '2021-12-12', '09:30:00', 'G7', '2021-12-12 06:10:27', NULL),
(387, 144, 107, 108, '2021-12-12', '09:30:00', 'G9', '2021-12-12 06:21:32', NULL),
(388, 144, 107, 108, '2021-12-12', '09:30:00', 'G8', '2021-12-12 06:21:32', NULL),
(389, 144, 107, 108, '2021-12-12', '09:30:00', 'G10', '2021-12-12 06:21:32', NULL),
(390, 145, 107, 108, '2021-12-12', '09:30:00', 'F12', '2021-12-12 06:24:26', NULL),
(391, 146, 107, 108, '2021-12-12', '09:30:00', 'F11', '2021-12-12 06:25:47', NULL),
(392, 146, 107, 108, '2021-12-12', '09:30:00', 'E12', '2021-12-12 06:25:47', NULL),
(393, 147, 107, 108, '2021-12-12', '09:30:00', 'F10', '2021-12-12 06:28:05', NULL),
(394, 147, 107, 108, '2021-12-12', '09:30:00', 'F9', '2021-12-12 06:28:05', NULL),
(395, 148, 107, 108, '2021-12-12', '09:30:00', 'E11', '2021-12-12 06:28:43', NULL),
(396, 149, 107, 108, '2021-12-12', '09:30:00', 'F8', '2021-12-12 06:38:55', NULL),
(397, 150, 107, 108, '2021-12-12', '09:30:00', 'E10', '2021-12-12 07:54:36', NULL),
(398, 150, 107, 108, '2021-12-12', '09:30:00', 'E9', '2021-12-12 07:54:36', NULL),
(399, 151, 107, 108, '2021-12-12', '09:30:00', 'D12', '2021-12-12 07:56:32', NULL),
(400, 151, 107, 108, '2021-12-12', '09:30:00', 'D11', '2021-12-12 07:56:32', NULL),
(401, 152, 107, 108, '2021-12-12', '09:30:00', 'D8', '2021-12-12 08:09:03', NULL),
(402, 152, 107, 108, '2021-12-12', '09:30:00', 'E8', '2021-12-12 08:09:03', NULL),
(403, 152, 107, 108, '2021-12-12', '09:30:00', 'D9', '2021-12-12 08:09:03', NULL),
(404, 153, 107, 108, '2030-12-13', '09:30:00', 'G8', '2021-12-13 02:53:27', NULL),
(405, 153, 107, 108, '2030-12-13', '09:30:00', 'G9', '2021-12-13 02:53:27', NULL),
(406, 153, 107, 108, '2030-12-13', '09:30:00', 'G10', '2021-12-13 02:53:27', NULL),
(407, 153, 107, 108, '2030-12-13', '09:30:00', 'G11', '2021-12-13 02:53:27', NULL);

-- --------------------------------------------------------

--
-- Table structure for table `users`
--

CREATE TABLE `users` (
  `id` varchar(255) NOT NULL,
  `firstName` varchar(255) NOT NULL,
  `lastName` varchar(255) NOT NULL,
  `email` varchar(255) NOT NULL,
  `phoneNumber` varchar(16) NOT NULL,
  `password` varchar(255) NOT NULL,
  `image` varchar(255) DEFAULT NULL,
  `role` varchar(255) NOT NULL,
  `status` enum('notActive','active') NOT NULL DEFAULT 'notActive',
  `createdAt` timestamp NOT NULL DEFAULT current_timestamp(),
  `updatedAt` timestamp NULL DEFAULT NULL
) ENGINE=InnoDB DEFAULT CHARSET=latin1;

--
-- Dumping data for table `users`
--

INSERT INTO `users` (`id`, `firstName`, `lastName`, `email`, `phoneNumber`, `password`, `image`, `role`, `status`, `createdAt`, `updatedAt`) VALUES
('0582f4ab-55c1-4fb5-ad2d-59ba726df9cd', 'Fajri', 'XS4', 'asd', '822888555624', '$2b$10$0XsK3nYK3ezpBTN5JS86LuPyV/ZtkjDncwhGA0vV/n1Bv3fWtRJvC', NULL, 'user', 'active', '2021-12-06 14:55:50', '2021-12-13 02:56:12'),
('193dfb0f-e2dc-4e74-b616-a668a99b3fce', '', '', '', '', '$2b$10$T03jpps7Claf2SwLJtpv2uGKuTEm7e5LKZD0kwqsWVXgW21Mjaata', NULL, 'user', 'notActive', '2021-12-12 17:40:30', NULL),
('1e90e244-bdeb-4089-aa2d-e070b7c32429', '', '', 'ezlife', '', '$2b$10$hYJgwfC6wkxqpg7d5UT5h.Xkvfk.qt/vJC7/msSl1QeoryWQzT4y.', NULL, 'user', 'notActive', '2021-12-12 17:40:35', NULL),
('1f771445-a224-4ade-9c67-df6cbd4e0156', 'asdasd', 'asdasda', 'sdasdas', '8227885526', '$2b$10$RRkTla193zYKhYhMVN/6FeEF86a402pKogGxwKAGKA8ovmxkE3.JS', NULL, 'user', 'notActive', '2021-12-12 17:49:32', NULL),
('2274cafc-7680-4248-87b2-0f31986f0a90', 'asdasdasda', 'sdasdasd', 'asdasdasd', 'asdas', '$2b$10$KN.wmCnOdFy9LUYseq2imOWKlqreveeldhFgHhQwBHB5usjkVRqby', NULL, 'user', 'notActive', '2021-12-12 17:39:19', NULL),
('22f39588-0752-431f-8f77-6372164a2178', 'Fikri', 'PP', 'asds@gmail.com', '08228885561', '$2b$10$AkQ5F8QCWU7HGopz4YCKNOsAjLtMVP0TpPDyP6JDU0qH0VuxvzAQa', NULL, 'user', 'notActive', '2021-12-13 02:51:49', NULL),
('2fb04877-3223-46ef-a96e-bff3afdd5607', 'admin', 'gans', 'admin@admin.com', '82288855562', '$2b$10$fhJ5vr6ilZUdF3YStY0sMu4MZ2tngO3mgGIraCjIppE4OhMF0v5SK', NULL, 'admin', 'active', '2021-12-06 15:23:26', NULL),
('45272354-9da7-4851-8d58-d4ec50e214e5', 'M', 'Reza', 'ezlife9909s@gmail.com', '0812383782', '$2b$10$j3zmlJ3soWUrDDGD7mcQouag8.zMjf35vts/4Mo/cn634IrGNHKKW', NULL, 'user', 'notActive', '2021-12-12 17:12:31', NULL),
('4a40f67b-633f-4479-bdbb-2fa30d72d110', 'asd', 'asda', 'asddd', 'asd', '$2b$10$XQuuL4.XzYlhE1WNP72rAua7xwImJpvyGUMaMDJBjBNHrJuDvSgwe', NULL, 'user', 'notActive', '2021-12-12 18:05:22', NULL),
('9886f295-a0b4-41dd-9e02-8272d12e429a', 'adadas', 'asda@asdas.coma', 'amdf33ikri@gmail.com', '82288855562', '$2b$10$R/hLkkd696M0d0eLtq2lrOk/A5QISGwVbhxRNsFcbSK6xMZZz1ary', NULL, 'user', 'notActive', '2021-12-12 04:01:19', NULL),
('adf09087-4529-4825-bd91-e1641678c540', 'asd', 'asd', 'asda', 'sd', '$2b$10$ORDVMfa5W5gzJIzokqMoH.mpP8oLea1vtx5KVIIZTmXldlprFvOG6', NULL, 'user', 'notActive', '2021-12-12 17:56:10', NULL),
('cd0c8432-3a79-4e18-8f02-30f221e6194b', '', '', 'ezlifes', '', '$2b$10$BGaP55nr1uOBjbm/8g1tpeK.G7nx8iI1tk55K9FLIXVxpHCG.cb3G', NULL, 'user', 'notActive', '2021-12-12 17:40:49', NULL),
('dbb2bfab-c539-4b92-b522-5f9a243b51cc', 'sdasdas', 'dasdas', 'ezlifesss', 'sdasdas', '$2b$10$1IrnB6WU/sg85GoRyvt8n.N6O6t.RnJmigydVZfYXMMy.d3SN6OMC', NULL, 'user', 'notActive', '2021-12-12 17:46:44', NULL),
('ee052d47-fd60-46ca-bcd1-5fc756096f1a', 'asd', 'asd', 'asdd', 'asd', '$2b$10$xBvkIHaFmnbfggT8W3a.LenZMfGZaj01rDRb0wCxOSGmP3OQkyjky', NULL, 'user', 'notActive', '2021-12-12 18:04:11', NULL),
('eeebc31b-42d8-4459-8094-597fdb0f7a49', 'M', 'Reza', 'ezlife9909@gmail.com', '0812383782', '$2b$10$sQSaObNX5nkymzaNAqxc/u99jYYqR/kUSHc3I53yPxHJ1TeS4m5oC', NULL, 'user', 'notActive', '2021-12-12 17:12:18', NULL);

--
-- Indexes for dumped tables
--

--
-- Indexes for table `booking`
--
ALTER TABLE `booking`
  ADD PRIMARY KEY (`id`);

--
-- Indexes for table `movie`
--
ALTER TABLE `movie`
  ADD PRIMARY KEY (`id`);

--
-- Indexes for table `schedule`
--
ALTER TABLE `schedule`
  ADD PRIMARY KEY (`id`);

--
-- Indexes for table `seatbooking`
--
ALTER TABLE `seatbooking`
  ADD PRIMARY KEY (`id`);

--
-- Indexes for table `users`
--
ALTER TABLE `users`
  ADD PRIMARY KEY (`id`);

--
-- AUTO_INCREMENT for dumped tables
--

--
-- AUTO_INCREMENT for table `booking`
--
ALTER TABLE `booking`
  MODIFY `id` int(11) NOT NULL AUTO_INCREMENT, AUTO_INCREMENT=154;

--
-- AUTO_INCREMENT for table `movie`
--
ALTER TABLE `movie`
  MODIFY `id` int(11) NOT NULL AUTO_INCREMENT, AUTO_INCREMENT=119;

--
-- AUTO_INCREMENT for table `schedule`
--
ALTER TABLE `schedule`
  MODIFY `id` int(11) NOT NULL AUTO_INCREMENT, AUTO_INCREMENT=129;

--
-- AUTO_INCREMENT for table `seatbooking`
--
ALTER TABLE `seatbooking`
  MODIFY `id` int(11) NOT NULL AUTO_INCREMENT, AUTO_INCREMENT=408;
COMMIT;

/*!40101 SET CHARACTER_SET_CLIENT=@OLD_CHARACTER_SET_CLIENT */;
/*!40101 SET CHARACTER_SET_RESULTS=@OLD_CHARACTER_SET_RESULTS */;
/*!40101 SET COLLATION_CONNECTION=@OLD_COLLATION_CONNECTION */;
